{"cameraMode":{"drawMode":0,"name":"Shaded","section":"Shading Mode"},"sceneLighting":true,"audioPlay":false,"sceneViewState":{"showFog":true,"showMaterialUpdate":false,"showSkybox":true,"showFlares":true,"showImageEffects":true,"showParticleSystems":true},"in2DMode":false,"pivot":{"x":-12.90960693359375,"y":-16.24310874938965,"z":-22.918685913085939},"rotation":{"x":0.06660257279872894,"y":-0.9327356815338135,"z":0.23153091967105866,"w":0.26832151412963869},"size":19.35282325744629,"orthographic":false}