{"cameraMode":{"drawMode":0,"name":"Shaded","section":"Shading Mode"},"sceneLighting":true,"audioPlay":false,"sceneViewState":{"showFog":true,"showMaterialUpdate":false,"showSkybox":true,"showFlares":true,"showImageEffects":true,"showParticleSystems":true},"in2DMode":false,"pivot":{"x":3.9244136810302736,"y":-23.356428146362306,"z":-18.009159088134767},"rotation":{"x":0.006548169534653425,"y":-0.9280505180358887,"z":0.3720850944519043,"w":0.016344103962183},"size":19.35282325744629,"orthographic":false}